{"cameraMode":{"drawMode":0,"name":"Shaded","section":"Shading Mode"},"sceneLighting":false,"audioPlay":false,"sceneViewState":{"m_AlwaysRefresh":false,"showFog":true,"showSkybox":false,"showFlares":true,"showImageEffects":true,"showParticleSystems":true,"showVisualEffectGraphs":true,"m_FxEnabled":true},"in2DMode":false,"pivot":{"x":55.26000213623047,"y":15.078033447265625,"z":5.505195617675781},"rotation":{"x":0.11776011437177658,"y":0.3215240240097046,"z":-0.040335915982723239,"w":0.9386858940124512},"size":89.38068389892578,"orthographic":true}