{"cameraMode":{"drawMode":0,"name":"Shaded","section":"Shading Mode"},"sceneLighting":false,"audioPlay":false,"sceneViewState":{"m_AlwaysRefresh":false,"showFog":true,"showSkybox":false,"showFlares":true,"showImageEffects":true,"showParticleSystems":true,"showVisualEffectGraphs":true,"m_FxEnabled":true},"in2DMode":false,"pivot":{"x":-0.0000010728836059570313,"y":0.2836287021636963,"z":-0.2393311858177185},"rotation":{"x":0.11776011437177658,"y":0.3215240240097046,"z":-0.040335915982723239,"w":0.9386858940124512},"size":2.911088705062866,"orthographic":true}