{"cameraMode":{"drawMode":0,"name":"Shaded","section":"Shading Mode"},"sceneLighting":false,"audioPlay":false,"sceneViewState":{"m_AlwaysRefresh":false,"showFog":true,"showSkybox":false,"showFlares":true,"showImageEffects":true,"showParticleSystems":true,"showVisualEffectGraphs":true,"m_FxEnabled":true},"in2DMode":false,"pivot":{"x":-0.00000286102294921875,"y":0.8605725765228272,"z":-0.7179927825927734},"rotation":{"x":0.11776011437177658,"y":0.3215240240097046,"z":-0.040335915982723239,"w":0.9386858940124512},"size":8.623554229736329,"orthographic":true}