{"cameraMode":{"drawMode":0,"name":"Shaded","section":"Shading Mode"},"sceneLighting":false,"audioPlay":false,"sceneViewState":{"m_AlwaysRefresh":false,"showFog":true,"showSkybox":false,"showFlares":true,"showImageEffects":true,"showParticleSystems":true,"showVisualEffectGraphs":true,"m_FxEnabled":true},"in2DMode":false,"pivot":{"x":14.800002098083496,"y":12.991926193237305,"z":1.448446273803711},"rotation":{"x":0.11776011437177658,"y":0.3215240240097046,"z":-0.040335915982723239,"w":0.9386858940124512},"size":65.98651885986328,"orthographic":true}