{"cameraMode":{"drawMode":0,"name":"Shaded","section":"Shading Mode"},"sceneLighting":false,"audioPlay":false,"sceneViewState":{"m_AlwaysRefresh":false,"showFog":true,"showSkybox":false,"showFlares":true,"showImageEffects":true,"showParticleSystems":true,"showVisualEffectGraphs":true,"m_FxEnabled":true},"in2DMode":false,"pivot":{"x":-32.79999923706055,"y":6.522826194763184,"z":-3.2626914978027345},"rotation":{"x":0.11776011437177658,"y":0.3215240240097046,"z":-0.040335915982723239,"w":0.9386858940124512},"size":44.672725677490237,"orthographic":true}